name,unique_id,department,password
Employee 1,FORCE0001,IT,password123
Employee 2,FORCE0002,Finance,password123
Employee 3,FORCE0003,Ops,password123
Employee 4,FORCE0004,Security,password123
Employee 5,FORCE0005,HR,password123
Employee 6,FORCE0006,IT,password123
Employee 7,FORCE0007,Finance,password123
Employee 8,FORCE0008,Ops,password123
Employee 9,FORCE0009,Security,password123
Employee 10,FORCE0010,HR,password123
Employee 11,FORCE0011,IT,password123
Employee 12,FORCE0012,Finance,password123
Employee 13,FORCE0013,Ops,password123
Employee 14,FORCE0014,Security,password123
Employee 15,FORCE0015,HR,password123
Employee 16,FORCE0016,IT,password123
Employee 17,FORCE0017,Finance,password123
Employee 18,FORCE0018,Ops,password123
Employee 19,FORCE0019,Security,password123
Employee 20,FORCE0020,HR,password123
Employee 21,FORCE0021,IT,password123
Employee 22,FORCE0022,Finance,password123
Employee 23,FORCE0023,Ops,password123
Employee 24,FORCE0024,Security,password123
Employee 25,FORCE0025,HR,password123
Employee 26,FORCE0026,IT,password123
Employee 27,FORCE0027,Finance,password123
Employee 28,FORCE0028,Ops,password123
Employee 29,FORCE0029,Security,password123
Employee 30,FORCE0030,HR,password123
Employee 31,FORCE0031,IT,password123
Employee 32,FORCE0032,Finance,password123
Employee 33,FORCE0033,Ops,password123
Employee 34,FORCE0034,Security,password123
Employee 35,FORCE0035,HR,password123
Employee 36,FORCE0036,IT,password123
Employee 37,FORCE0037,Finance,password123
Employee 38,FORCE0038,Ops,password123
Employee 39,FORCE0039,Security,password123
Employee 40,FORCE0040,HR,password123
Employee 41,FORCE0041,IT,password123
Employee 42,FORCE0042,Finance,password123
Employee 43,FORCE0043,Ops,password123
Employee 44,FORCE0044,Security,password123
Employee 45,FORCE0045,HR,password123
Employee 46,FORCE0046,IT,password123
Employee 47,FORCE0047,Finance,password123
Employee 48,FORCE0048,Ops,password123
Employee 49,FORCE0049,Security,password123
Employee 50,FORCE0050,HR,password123
Employee 51,FORCE0051,IT,password123
Employee 52,FORCE0052,Finance,password123
Employee 53,FORCE0053,Ops,password123
Employee 54,FORCE0054,Security,password123
Employee 55,FORCE0055,HR,password123
Employee 56,FORCE0056,IT,password123
Employee 57,FORCE0057,Finance,password123
Employee 58,FORCE0058,Ops,password123
Employee 59,FORCE0059,Security,password123
Employee 60,FORCE0060,HR,password123
Employee 61,FORCE0061,IT,password123
Employee 62,FORCE0062,Finance,password123
Employee 63,FORCE0063,Ops,password123
Employee 64,FORCE0064,Security,password123
Employee 65,FORCE0065,HR,password123
Employee 66,FORCE0066,IT,password123
Employee 67,FORCE0067,Finance,password123
Employee 68,FORCE0068,Ops,password123
Employee 69,FORCE0069,Security,password123
Employee 70,FORCE0070,HR,password123
Employee 71,FORCE0071,IT,password123
Employee 72,FORCE0072,Finance,password123
Employee 73,FORCE0073,Ops,password123
Employee 74,FORCE0074,Security,password123
Employee 75,FORCE0075,HR,password123
Employee 76,FORCE0076,IT,password123
Employee 77,FORCE0077,Finance,password123
Employee 78,FORCE0078,Ops,password123
Employee 79,FORCE0079,Security,password123
Employee 80,FORCE0080,HR,password123
Employee 81,FORCE0081,IT,password123
Employee 82,FORCE0082,Finance,password123
Employee 83,FORCE0083,Ops,password123
Employee 84,FORCE0084,Security,password123
Employee 85,FORCE0085,HR,password123
Employee 86,FORCE0086,IT,password123
Employee 87,FORCE0087,Finance,password123
Employee 88,FORCE0088,Ops,password123
Employee 89,FORCE0089,Security,password123
Employee 90,FORCE0090,HR,password123
Employee 91,FORCE0091,IT,password123
Employee 92,FORCE0092,Finance,password123
Employee 93,FORCE0093,Ops,password123
Employee 94,FORCE0094,Security,password123
Employee 95,FORCE0095,HR,password123
Employee 96,FORCE0096,IT,password123
Employee 97,FORCE0097,Finance,password123
Employee 98,FORCE0098,Ops,password123
Employee 99,FORCE0099,Security,password123
Employee 100,FORCE0100,HR,password123
Employee 101,FORCE0101,IT,password123
Employee 102,FORCE0102,Finance,password123
Employee 103,FORCE0103,Ops,password123
Employee 104,FORCE0104,Security,password123
Employee 105,FORCE0105,HR,password123
Employee 106,FORCE0106,IT,password123
Employee 107,FORCE0107,Finance,password123
Employee 108,FORCE0108,Ops,password123
Employee 109,FORCE0109,Security,password123
Employee 110,FORCE0110,HR,password123
Employee 111,FORCE0111,IT,password123
Employee 112,FORCE0112,Finance,password123
Employee 113,FORCE0113,Ops,password123
Employee 114,FORCE0114,Security,password123
Employee 115,FORCE0115,HR,password123
Employee 116,FORCE0116,IT,password123
Employee 117,FORCE0117,Finance,password123
Employee 118,FORCE0118,Ops,password123
Employee 119,FORCE0119,Security,password123
Employee 120,FORCE0120,HR,password123
Employee 121,FORCE0121,IT,password123
Employee 122,FORCE0122,Finance,password123
Employee 123,FORCE0123,Ops,password123
Employee 124,FORCE0124,Security,password123
Employee 125,FORCE0125,HR,password123
Employee 126,FORCE0126,IT,password123
Employee 127,FORCE0127,Finance,password123
Employee 128,FORCE0128,Ops,password123
Employee 129,FORCE0129,Security,password123
Employee 130,FORCE0130,HR,password123
Employee 131,FORCE0131,IT,password123
Employee 132,FORCE0132,Finance,password123
Employee 133,FORCE0133,Ops,password123
Employee 134,FORCE0134,Security,password123
Employee 135,FORCE0135,HR,password123
Employee 136,FORCE0136,IT,password123
Employee 137,FORCE0137,Finance,password123
Employee 138,FORCE0138,Ops,password123
Employee 139,FORCE0139,Security,password123
Employee 140,FORCE0140,HR,password123
Employee 141,FORCE0141,IT,password123
Employee 142,FORCE0142,Finance,password123
Employee 143,FORCE0143,Ops,password123
Employee 144,FORCE0144,Security,password123
Employee 145,FORCE0145,HR,password123
Employee 146,FORCE0146,IT,password123
Employee 147,FORCE0147,Finance,password123
Employee 148,FORCE0148,Ops,password123
Employee 149,FORCE0149,Security,password123
Employee 150,FORCE0150,HR,password123
Employee 151,FORCE0151,IT,password123
Employee 152,FORCE0152,Finance,password123
Employee 153,FORCE0153,Ops,password123
Employee 154,FORCE0154,Security,password123
Employee 155,FORCE0155,HR,password123
Employee 156,FORCE0156,IT,password123
Employee 157,FORCE0157,Finance,password123
Employee 158,FORCE0158,Ops,password123
Employee 159,FORCE0159,Security,password123
Employee 160,FORCE0160,HR,password123
Employee 161,FORCE0161,IT,password123
Employee 162,FORCE0162,Finance,password123
Employee 163,FORCE0163,Ops,password123
Employee 164,FORCE0164,Security,password123
Employee 165,FORCE0165,HR,password123
Employee 166,FORCE0166,IT,password123
Employee 167,FORCE0167,Finance,password123
Employee 168,FORCE0168,Ops,password123
Employee 169,FORCE0169,Security,password123
Employee 170,FORCE0170,HR,password123
Employee 171,FORCE0171,IT,password123
Employee 172,FORCE0172,Finance,password123
Employee 173,FORCE0173,Ops,password123
Employee 174,FORCE0174,Security,password123
Employee 175,FORCE0175,HR,password123
Employee 176,FORCE0176,IT,password123
Employee 177,FORCE0177,Finance,password123
Employee 178,FORCE0178,Ops,password123
Employee 179,FORCE0179,Security,password123
Employee 180,FORCE0180,HR,password123
Employee 181,FORCE0181,IT,password123
Employee 182,FORCE0182,Finance,password123
Employee 183,FORCE0183,Ops,password123
Employee 184,FORCE0184,Security,password123
Employee 185,FORCE0185,HR,password123
Employee 186,FORCE0186,IT,password123
Employee 187,FORCE0187,Finance,password123
Employee 188,FORCE0188,Ops,password123
Employee 189,FORCE0189,Security,password123
Employee 190,FORCE0190,HR,password123
Employee 191,FORCE0191,IT,password123
Employee 192,FORCE0192,Finance,password123
Employee 193,FORCE0193,Ops,password123
Employee 194,FORCE0194,Security,password123
Employee 195,FORCE0195,HR,password123
Employee 196,FORCE0196,IT,password123
Employee 197,FORCE0197,Finance,password123
Employee 198,FORCE0198,Ops,password123
Employee 199,FORCE0199,Security,password123
Employee 200,FORCE0200,HR,password123
Employee 201,FORCE0201,IT,password123
Employee 202,FORCE0202,Finance,password123
Employee 203,FORCE0203,Ops,password123
Employee 204,FORCE0204,Security,password123
Employee 205,FORCE0205,HR,password123
Employee 206,FORCE0206,IT,password123
Employee 207,FORCE0207,Finance,password123
Employee 208,FORCE0208,Ops,password123
Employee 209,FORCE0209,Security,password123
Employee 210,FORCE0210,HR,password123
Employee 211,FORCE0211,IT,password123
Employee 212,FORCE0212,Finance,password123
Employee 213,FORCE0213,Ops,password123
Employee 214,FORCE0214,Security,password123
Employee 215,FORCE0215,HR,password123
Employee 216,FORCE0216,IT,password123
Employee 217,FORCE0217,Finance,password123
Employee 218,FORCE0218,Ops,password123
Employee 219,FORCE0219,Security,password123
Employee 220,FORCE0220,HR,password123
Employee 221,FORCE0221,IT,password123
Employee 222,FORCE0222,Finance,password123
Employee 223,FORCE0223,Ops,password123
Employee 224,FORCE0224,Security,password123
Employee 225,FORCE0225,HR,password123
Employee 226,FORCE0226,IT,password123
Employee 227,FORCE0227,Finance,password123
Employee 228,FORCE0228,Ops,password123
Employee 229,FORCE0229,Security,password123
Employee 230,FORCE0230,HR,password123
Employee 231,FORCE0231,IT,password123
Employee 232,FORCE0232,Finance,password123
Employee 233,FORCE0233,Ops,password123
Employee 234,FORCE0234,Security,password123
Employee 235,FORCE0235,HR,password123
Employee 236,FORCE0236,IT,password123
Employee 237,FORCE0237,Finance,password123
Employee 238,FORCE0238,Ops,password123
Employee 239,FORCE0239,Security,password123
Employee 240,FORCE0240,HR,password123
Employee 241,FORCE0241,IT,password123
Employee 242,FORCE0242,Finance,password123
Employee 243,FORCE0243,Ops,password123
Employee 244,FORCE0244,Security,password123
Employee 245,FORCE0245,HR,password123
Employee 246,FORCE0246,IT,password123
Employee 247,FORCE0247,Finance,password123
Employee 248,FORCE0248,Ops,password123
Employee 249,FORCE0249,Security,password123
Employee 250,FORCE0250,HR,password123
Employee 251,FORCE0251,IT,password123
Employee 252,FORCE0252,Finance,password123
Employee 253,FORCE0253,Ops,password123
Employee 254,FORCE0254,Security,password123
Employee 255,FORCE0255,HR,password123
Employee 256,FORCE0256,IT,password123
Employee 257,FORCE0257,Finance,password123
Employee 258,FORCE0258,Ops,password123
Employee 259,FORCE0259,Security,password123
Employee 260,FORCE0260,HR,password123
Employee 261,FORCE0261,IT,password123
Employee 262,FORCE0262,Finance,password123
Employee 263,FORCE0263,Ops,password123
Employee 264,FORCE0264,Security,password123
Employee 265,FORCE0265,HR,password123
Employee 266,FORCE0266,IT,password123
Employee 267,FORCE0267,Finance,password123
Employee 268,FORCE0268,Ops,password123
Employee 269,FORCE0269,Security,password123
Employee 270,FORCE0270,HR,password123
Employee 271,FORCE0271,IT,password123
Employee 272,FORCE0272,Finance,password123
Employee 273,FORCE0273,Ops,password123
Employee 274,FORCE0274,Security,password123
Employee 275,FORCE0275,HR,password123
Employee 276,FORCE0276,IT,password123
Employee 277,FORCE0277,Finance,password123
Employee 278,FORCE0278,Ops,password123
Employee 279,FORCE0279,Security,password123
Employee 280,FORCE0280,HR,password123
Employee 281,FORCE0281,IT,password123
Employee 282,FORCE0282,Finance,password123
Employee 283,FORCE0283,Ops,password123
Employee 284,FORCE0284,Security,password123
Employee 285,FORCE0285,HR,password123
Employee 286,FORCE0286,IT,password123
Employee 287,FORCE0287,Finance,password123
Employee 288,FORCE0288,Ops,password123
Employee 289,FORCE0289,Security,password123
Employee 290,FORCE0290,HR,password123
Employee 291,FORCE0291,IT,password123
Employee 292,FORCE0292,Finance,password123
Employee 293,FORCE0293,Ops,password123
Employee 294,FORCE0294,Security,password123
Employee 295,FORCE0295,HR,password123
Employee 296,FORCE0296,IT,password123
Employee 297,FORCE0297,Finance,password123
Employee 298,FORCE0298,Ops,password123
Employee 299,FORCE0299,Security,password123
Employee 300,FORCE0300,HR,password123
Employee 301,FORCE0301,IT,password123
Employee 302,FORCE0302,Finance,password123
Employee 303,FORCE0303,Ops,password123
Employee 304,FORCE0304,Security,password123
Employee 305,FORCE0305,HR,password123
Employee 306,FORCE0306,IT,password123
Employee 307,FORCE0307,Finance,password123
Employee 308,FORCE0308,Ops,password123
Employee 309,FORCE0309,Security,password123
Employee 310,FORCE0310,HR,password123
Employee 311,FORCE0311,IT,password123
Employee 312,FORCE0312,Finance,password123
Employee 313,FORCE0313,Ops,password123
Employee 314,FORCE0314,Security,password123
Employee 315,FORCE0315,HR,password123
Employee 316,FORCE0316,IT,password123
Employee 317,FORCE0317,Finance,password123
Employee 318,FORCE0318,Ops,password123
Employee 319,FORCE0319,Security,password123
Employee 320,FORCE0320,HR,password123
Employee 321,FORCE0321,IT,password123
Employee 322,FORCE0322,Finance,password123
Employee 323,FORCE0323,Ops,password123
Employee 324,FORCE0324,Security,password123
Employee 325,FORCE0325,HR,password123
Employee 326,FORCE0326,IT,password123
Employee 327,FORCE0327,Finance,password123
Employee 328,FORCE0328,Ops,password123
Employee 329,FORCE0329,Security,password123
Employee 330,FORCE0330,HR,password123
Employee 331,FORCE0331,IT,password123
Employee 332,FORCE0332,Finance,password123
Employee 333,FORCE0333,Ops,password123
Employee 334,FORCE0334,Security,password123
Employee 335,FORCE0335,HR,password123
Employee 336,FORCE0336,IT,password123
Employee 337,FORCE0337,Finance,password123
Employee 338,FORCE0338,Ops,password123
Employee 339,FORCE0339,Security,password123
Employee 340,FORCE0340,HR,password123
Employee 341,FORCE0341,IT,password123
Employee 342,FORCE0342,Finance,password123
Employee 343,FORCE0343,Ops,password123
Employee 344,FORCE0344,Security,password123
Employee 345,FORCE0345,HR,password123
Employee 346,FORCE0346,IT,password123
Employee 347,FORCE0347,Finance,password123
Employee 348,FORCE0348,Ops,password123
Employee 349,FORCE0349,Security,password123
Employee 350,FORCE0350,HR,password123
Employee 351,FORCE0351,IT,password123
Employee 352,FORCE0352,Finance,password123
Employee 353,FORCE0353,Ops,password123
Employee 354,FORCE0354,Security,password123
Employee 355,FORCE0355,HR,password123
Employee 356,FORCE0356,IT,password123
Employee 357,FORCE0357,Finance,password123
Employee 358,FORCE0358,Ops,password123
Employee 359,FORCE0359,Security,password123
Employee 360,FORCE0360,HR,password123
Employee 361,FORCE0361,IT,password123
Employee 362,FORCE0362,Finance,password123
Employee 363,FORCE0363,Ops,password123
Employee 364,FORCE0364,Security,password123
Employee 365,FORCE0365,HR,password123
Employee 366,FORCE0366,IT,password123
Employee 367,FORCE0367,Finance,password123
Employee 368,FORCE0368,Ops,password123
Employee 369,FORCE0369,Security,password123
Employee 370,FORCE0370,HR,password123
Employee 371,FORCE0371,IT,password123
Employee 372,FORCE0372,Finance,password123
Employee 373,FORCE0373,Ops,password123
Employee 374,FORCE0374,Security,password123
Employee 375,FORCE0375,HR,password123
Employee 376,FORCE0376,IT,password123
Employee 377,FORCE0377,Finance,password123
Employee 378,FORCE0378,Ops,password123
Employee 379,FORCE0379,Security,password123
Employee 380,FORCE0380,HR,password123
Employee 381,FORCE0381,IT,password123
Employee 382,FORCE0382,Finance,password123
Employee 383,FORCE0383,Ops,password123
Employee 384,FORCE0384,Security,password123
Employee 385,FORCE0385,HR,password123
Employee 386,FORCE0386,IT,password123
Employee 387,FORCE0387,Finance,password123
Employee 388,FORCE0388,Ops,password123
Employee 389,FORCE0389,Security,password123
Employee 390,FORCE0390,HR,password123
Employee 391,FORCE0391,IT,password123
Employee 392,FORCE0392,Finance,password123
Employee 393,FORCE0393,Ops,password123
Employee 394,FORCE0394,Security,password123
Employee 395,FORCE0395,HR,password123
Employee 396,FORCE0396,IT,password123
Employee 397,FORCE0397,Finance,password123
Employee 398,FORCE0398,Ops,password123
Employee 399,FORCE0399,Security,password123
Employee 400,FORCE0400,HR,password123
